{"filename":"C:\\Users\\SAMEEKSHA YS\\OneDrive - G7 CR Technologies India Pvt Ltd\\Desktop\\PrivateAvailabilityFunction\\__azurite_db_blob__.json","collections":[{"name":"$SERVICES_COLLECTION$","data":[],"idIndex":null,"binaryIndices":{},"constraints":null,"uniqueNames":["accountName"],"transforms":{},"objType":"$SERVICES_COLLECTION$","dirty":false,"cachedIndex":null,"cachedBinaryIndex":null,"cachedData":null,"adaptiveBinaryIndices":true,"transactional":false,"cloneObjects":false,"cloneMethod":"parse-stringify","asyncListeners":false,"disableMeta":false,"disableChangesApi":true,"disableDeltaChangesApi":true,"autoupdate":false,"serializableIndices":true,"disableFreeze":true,"ttl":null,"maxId":0,"DynamicViews":[],"events":{"insert":[],"update":[],"pre-insert":[],"pre-update":[],"close":[],"flushbuffer":[],"error":[],"delete":[null],"warning":[null]},"changes":[],"dirtyIds":[]},{"name":"$CONTAINERS_COLLECTION$","data":[{"accountName":"devstoreaccount1","name":"azure-webjobs-hosts","properties":{"etag":"\"0x1CD13C9726CCC60\"","lastModified":"2026-02-27T06:56:28.044Z","leaseStatus":"unlocked","leaseState":"available","hasImmutabilityPolicy":false,"hasLegalHold":false},"meta":{"revision":0,"created":1772175388046,"version":0},"$loki":1}],"idIndex":null,"binaryIndices":{"accountName":{"name":"accountName","dirty":false,"values":[0]},"name":{"name":"name","dirty":false,"values":[0]}},"constraints":null,"uniqueNames":[],"transforms":{},"objType":"$CONTAINERS_COLLECTION$","dirty":false,"cachedIndex":null,"cachedBinaryIndex":null,"cachedData":null,"adaptiveBinaryIndices":true,"transactional":false,"cloneObjects":false,"cloneMethod":"parse-stringify","asyncListeners":false,"disableMeta":false,"disableChangesApi":true,"disableDeltaChangesApi":true,"autoupdate":false,"serializableIndices":true,"disableFreeze":true,"ttl":null,"maxId":1,"DynamicViews":[],"events":{"insert":[],"update":[],"pre-insert":[],"pre-update":[],"close":[],"flushbuffer":[],"error":[],"delete":[null],"warning":[null]},"changes":[],"dirtyIds":[]},{"name":"$BLOBS_COLLECTION$","data":[{"deleted":false,"metadata":{"FunctionInstance":"0000000000000000000000000D5FD13F"},"accountName":"devstoreaccount1","containerName":"azure-webjobs-hosts","name":"locks/desktopsdm0a8r-1099157821/host","properties":{"creationTime":"2026-02-27T06:56:28.055Z","lastModified":"2026-02-27T07:00:41.262Z","etag":"\"0x1E89C2302943700\"","contentLength":0,"contentType":"application/octet-stream","contentMD5":{"type":"Buffer","data":[212,29,140,217,143,0,178,4,233,128,9,152,236,248,66,126]},"blobType":"BlockBlob","leaseStatus":"locked","leaseState":"leased","serverEncrypted":true,"accessTier":"Hot","accessTierInferred":true,"accessTierChangeTime":"2026-02-27T06:56:28.055Z","leaseDuration":"fixed"},"snapshot":"","isCommitted":true,"persistency":{"id":"ca05ba68-8945-4968-a061-64175b7e344a","offset":0,"count":0},"meta":{"revision":100,"created":1772175388069,"version":0,"updated":1772176553269},"$loki":1,"leaseId":"0000000000000000000000000D5FD13F","leaseExpireTime":"2026-02-27T07:16:08.265Z","leaseDurationSeconds":15},{"deleted":false,"accountName":"devstoreaccount1","containerName":"azure-webjobs-hosts","name":"locks/desktopsdm0a8r-1099157821/TimerTrigger.Run.Listener","properties":{"creationTime":"2026-02-27T06:57:48.858Z","lastModified":"2026-02-27T06:57:48.858Z","etag":"\"0x24E75F524524B60\"","contentLength":0,"contentType":"application/octet-stream","contentMD5":{"type":"Buffer","data":[212,29,140,217,143,0,178,4,233,128,9,152,236,248,66,126]},"blobType":"BlockBlob","leaseStatus":"locked","leaseState":"leased","serverEncrypted":true,"accessTier":"Hot","accessTierInferred":true,"accessTierChangeTime":"2026-02-27T06:57:48.858Z","leaseDuration":"fixed"},"snapshot":"","isCommitted":true,"persistency":{"id":"ca05ba68-8945-4968-a061-64175b7e344a","offset":0,"count":0},"meta":{"revision":145,"created":1772175468862,"version":0,"updated":1772176553191},"$loki":2,"leaseId":"d4d1b873-83bf-40c6-8b17-56b92e7df974","leaseExpireTime":"2026-02-27T07:16:08.188Z","leaseDurationSeconds":15},{"deleted":false,"accountName":"devstoreaccount1","containerName":"azure-webjobs-hosts","name":"timers/desktopsdm0a8r-1099157821/TimerTrigger.Run/status","properties":{"creationTime":"2026-02-27T07:15:21.074Z","lastModified":"2026-02-27T07:15:21.074Z","etag":"\"0x24E65EDF29497A0\"","contentLength":129,"contentType":"application/octet-stream","contentMD5":{"type":"Buffer","data":[148,61,151,75,225,39,4,246,25,104,13,54,249,121,220,5]},"blobType":"BlockBlob","leaseStatus":"unlocked","leaseState":"available","serverEncrypted":true,"accessTier":"Hot","accessTierInferred":true,"accessTierChangeTime":"2026-02-27T07:15:21.074Z"},"snapshot":"","isCommitted":true,"persistency":{"id":"ca05ba68-8945-4968-a061-64175b7e344a","offset":508,"count":129},"meta":{"revision":0,"created":1772176521081,"version":0},"$loki":7}],"idIndex":[1,2,7],"binaryIndices":{"accountName":{"name":"accountName","dirty":false,"values":[0,1,2]},"containerName":{"name":"containerName","dirty":false,"values":[0,1,2]},"name":{"name":"name","dirty":false,"values":[1,0,2]},"snapshot":{"name":"snapshot","dirty":false,"values":[0,1,2]}},"constraints":null,"uniqueNames":[],"transforms":{},"objType":"$BLOBS_COLLECTION$","dirty":false,"cachedIndex":null,"cachedBinaryIndex":null,"cachedData":null,"adaptiveBinaryIndices":true,"transactional":false,"cloneObjects":false,"cloneMethod":"parse-stringify","asyncListeners":false,"disableMeta":false,"disableChangesApi":true,"disableDeltaChangesApi":true,"autoupdate":false,"serializableIndices":true,"disableFreeze":true,"ttl":null,"maxId":7,"DynamicViews":[],"events":{"insert":[],"update":[],"pre-insert":[],"pre-update":[],"close":[],"flushbuffer":[],"error":[],"delete":[null],"warning":[null]},"changes":[],"dirtyIds":[]},{"name":"$BLOCKS_COLLECTION$","data":[],"idIndex":null,"binaryIndices":{"accountName":{"name":"accountName","dirty":false,"values":[]},"containerName":{"name":"containerName","dirty":false,"values":[]},"blobName":{"name":"blobName","dirty":false,"values":[]},"name":{"name":"name","dirty":false,"values":[]}},"constraints":null,"uniqueNames":[],"transforms":{},"objType":"$BLOCKS_COLLECTION$","dirty":false,"cachedIndex":null,"cachedBinaryIndex":null,"cachedData":null,"adaptiveBinaryIndices":true,"transactional":false,"cloneObjects":false,"cloneMethod":"parse-stringify","asyncListeners":false,"disableMeta":false,"disableChangesApi":true,"disableDeltaChangesApi":true,"autoupdate":false,"serializableIndices":true,"disableFreeze":true,"ttl":null,"maxId":0,"DynamicViews":[],"events":{"insert":[],"update":[],"pre-insert":[],"pre-update":[],"close":[],"flushbuffer":[],"error":[],"delete":[null],"warning":[null]},"changes":[],"dirtyIds":[]}],"databaseVersion":1.5,"engineVersion":1.5,"autosave":true,"autosaveInterval":5000,"autosaveHandle":null,"throttledSaves":true,"options":{"persistenceMethod":"fs","autosave":true,"autosaveInterval":5000,"serializationMethod":"normal","destructureDelimiter":"$<\n"},"persistenceMethod":"fs","persistenceAdapter":null,"verbose":false,"events":{"init":[null],"loaded":[],"flushChanges":[],"close":[],"changes":[],"warning":[]},"ENV":"NODEJS"}